,City,Lat,Lng,Max Temp,Humidity,Cloudiness,Wind Speed,Country,Date
0,atuona,-9.8,-139.0333,298.9,75,0,7.32,PF,1644522253
1,puerto ayora,-0.7393,-90.3518,302.13,85,96,3.13,EC,1644522254
2,punta arenas,-53.15,-70.9167,285.16,57,40,12.86,CL,1644522254
3,birigui,-21.2886,-50.34,302.2,54,72,3.13,BR,1644522121
4,rikitea,-23.1203,-134.9692,299.38,72,89,8.41,PF,1644522255
5,mataura,-46.1927,168.8643,287.3,92,100,1.14,NZ,1644521970
6,busselton,-33.65,115.3333,292.09,62,0,2.09,AU,1644522256
7,inuvik,68.3499,-133.7218,247.71,76,100,1.54,CA,1644522257
8,jamestown,42.097,-79.2353,276.77,68,100,6.69,US,1644522257
9,svetlogorsk,52.6333,29.7333,273.97,95,97,3.15,BY,1644522258
10,butaritari,3.0707,172.7902,300.47,79,24,7.74,KI,1644522259
11,fallon,39.4735,-118.7774,288.66,38,20,0.0,US,1644522259
12,bambous virieux,-20.3428,57.7575,299.29,83,75,1.03,MU,1644522050
13,aswan,24.0934,32.907,287.76,33,0,4.12,EG,1644522260
14,hermanus,-34.4187,19.2345,291.43,77,0,1.55,ZA,1644522261
15,iqaluit,63.7506,-68.5145,251.0,77,100,2.57,CA,1644522261
16,kindia,10.0569,-12.8658,299.03,15,0,0.98,GN,1644522262
17,cherskiy,68.75,161.3,235.81,99,100,2.92,RU,1644522262
18,vaini,-21.2,-175.2,300.65,80,81,9.82,TO,1644522263
19,hithadhoo,-0.6,73.0833,300.63,70,100,3.08,MV,1644522048
20,biggar,55.6167,-3.5167,277.03,89,9,2.68,GB,1644522264
21,beringovskiy,63.05,179.3167,239.94,94,25,1.31,RU,1644522264
22,ushuaia,-54.8,-68.3,283.94,71,75,13.89,AR,1644522237
23,jipijapa,-1.3333,-80.5833,297.87,86,100,1.35,EC,1644522265
24,mount gambier,-37.8333,140.7667,282.1,100,53,1.54,AU,1644522266
25,itarema,-2.9248,-39.9167,301.75,64,89,4.64,BR,1644522267
26,tuktoyaktuk,69.4541,-133.0374,248.15,70,100,3.6,CA,1644522214
27,bluff,-46.6,168.3333,287.48,83,65,5.78,NZ,1644521972
28,bengkulu,-3.8004,102.2655,297.15,78,100,2.31,ID,1644522268
29,rosetta,31.4044,30.4164,286.05,64,78,3.26,EG,1644522269
30,namibe,-15.1961,12.1522,296.43,81,100,2.15,AO,1644522065
31,cape town,-33.9258,18.4232,293.76,60,0,3.09,ZA,1644522269
32,alofi,-19.0595,-169.9187,301.09,83,9,3.6,NU,1644522270
33,tonj,7.2737,28.6822,302.49,20,48,2.95,SS,1644522271
34,yellowknife,62.456,-114.3525,250.05,81,75,6.69,CA,1644521701
35,zonguldak,41.25,31.8333,271.14,91,7,1.89,TR,1644522271
36,sovetskiy,61.3614,63.5842,259.04,95,100,4.95,RU,1644522272
37,bredasdorp,-34.5322,20.0403,290.77,68,0,3.6,ZA,1644522054
38,marzuq,14.4,46.4667,289.9,53,92,1.58,YE,1644522273
39,ulladulla,-35.35,150.4667,292.65,89,100,3.95,AU,1644522273
40,igarka,67.4667,86.5833,245.27,97,6,4.62,RU,1644522274
41,honningsvag,70.9821,25.9704,270.94,72,100,7.25,NO,1644522275
42,esperance,-33.8667,121.9,297.06,47,14,9.04,AU,1644522275
43,siniscola,40.5719,9.6922,278.9,64,0,1.55,IT,1644522276
44,avarua,-21.2078,-159.775,300.18,74,100,3.09,CK,1644522276
45,hohhot,40.8106,111.6522,262.31,67,0,2.0,CN,1644522251
46,burgkirchen,48.2044,13.0999,279.92,75,45,2.27,AT,1644522277
47,tiksi,71.6872,128.8694,249.75,92,100,7.33,RU,1644522278
48,hobart,-42.8794,147.3294,286.07,68,20,3.6,AU,1644522279
49,tuatapere,-46.1333,167.6833,288.05,90,93,1.19,NZ,1644522279
50,yulara,-25.2406,130.9889,295.06,53,0,0.51,AU,1644522340
51,castro,-24.7911,-50.0119,297.08,65,37,2.47,BR,1644522341
52,katsuura,35.1333,140.3,276.16,96,100,10.11,JP,1644522341
53,albany,42.6001,-73.9662,280.47,68,25,4.41,US,1644522342
54,biak,-0.9131,122.8766,297.55,83,60,1.34,ID,1644522342
55,mandi bahauddin,32.5834,73.4843,283.03,37,0,2.1,PK,1644522343
56,constitucion,-35.3333,-72.4167,292.18,63,100,3.5,CL,1644522208
57,new norfolk,-42.7826,147.0587,285.87,56,34,1.06,AU,1644522343
58,kindu,-2.95,25.95,293.79,95,97,0.7,CD,1644522344
59,ribeira grande,38.5167,-28.7,288.37,82,20,5.14,PT,1644522345
60,riachao do jacuipe,-11.8069,-39.3856,305.35,42,23,4.53,BR,1644522345
61,touros,-5.1989,-35.4608,304.65,66,56,6.05,BR,1644522346
62,sokolo,14.7328,-6.1219,299.52,9,0,4.62,ML,1644522346
63,virginia beach,36.8529,-75.978,292.18,32,0,7.72,US,1644522263
64,ambovombe,-25.1667,46.0833,296.92,93,34,5.58,MG,1644522347
65,linxia,35.6003,103.2064,268.08,94,100,1.39,CN,1644522348
66,bangkal,6.0667,121.0667,298.04,89,100,1.28,PH,1644522348
67,olafsvik,64.8945,-23.7142,274.54,57,34,10.35,IS,1644522349
68,paidha,2.4167,30.9855,294.63,38,100,2.37,UG,1644522349
69,mar del plata,-38.0023,-57.5575,301.16,87,0,11.62,AR,1644522350
70,los alamos,35.8881,-106.307,282.58,37,0,3.6,US,1644522231
71,vestmannaeyjar,63.4427,-20.2734,276.24,54,100,8.72,IS,1644522065
72,sistranda,63.7256,8.834,274.13,61,100,12.8,NO,1644522068
73,phan thiet,10.9333,108.1,296.09,83,99,2.63,VN,1644522352
74,luanda,-8.8368,13.2343,301.15,51,75,2.57,AO,1644522180
75,berlevag,70.8578,29.0864,268.04,79,0,6.69,NO,1644522353
76,ponta do sol,32.6667,-17.1,293.55,72,100,3.51,PT,1644522354
77,kaitangata,-46.2817,169.8464,287.89,92,89,1.51,NZ,1644522355
78,yamada,39.4667,141.95,272.8,78,100,4.48,JP,1644522355
79,ratnagiri,16.9833,73.3,295.16,70,8,3.11,IN,1644522356
80,birjand,32.8663,59.2211,279.41,28,0,4.12,IR,1644522357
81,lisala,2.15,21.5167,298.38,29,60,0.35,CD,1644522357
82,pouebo,-20.4,164.5667,299.21,88,100,7.05,NC,1644522358
83,saldanha,-33.0117,17.9442,292.18,81,0,4.85,ZA,1644522358
84,saint anthony,45.0205,-93.218,269.4,73,75,7.2,US,1644522359
85,lerwick,60.1545,-1.1494,275.15,57,97,9.05,GB,1644522331
86,chicama,-7.8447,-79.1469,296.45,55,79,4.67,PE,1644522360
87,nanortalik,60.1432,-45.2371,269.62,58,100,4.44,GL,1644522361
88,clyde river,70.4692,-68.5914,245.28,76,75,2.57,CA,1644522361
89,longyearbyen,78.2186,15.6401,269.06,68,75,4.12,SJ,1644522076
90,batsfjord,70.6345,29.7185,270.15,86,75,9.77,NO,1644522362
91,ahuimanu,21.4447,-157.8378,298.58,72,20,1.54,US,1644522363
92,banjar,-8.19,114.9675,299.07,91,100,0.49,ID,1644522365
93,coquimbo,-29.9533,-71.3436,294.0,68,100,3.6,CL,1644522365
94,vestmanna,62.1564,-7.1664,270.66,69,75,1.03,FO,1644522366
95,dikson,73.5069,80.5464,259.42,91,100,12.34,RU,1644522366
96,kulhudhuffushi,6.6221,73.07,300.53,74,79,5.07,MV,1644522367
97,esil,51.9556,66.4042,257.94,91,53,5.88,KZ,1644522367
98,ati,13.2154,18.3353,293.98,10,3,4.96,TD,1644522368
99,atar,20.5169,-13.0499,296.71,13,3,5.39,MR,1644522429
100,rosarito,32.3333,-117.0333,304.06,23,0,6.47,MX,1644522430
101,yumen,40.2833,97.2,268.55,47,99,5.19,CN,1644522431
102,viesca,25.35,-102.8,292.63,22,100,3.34,MX,1644522431
103,waipawa,-41.4122,175.5153,292.5,86,100,2.25,NZ,1644522432
104,evensk,61.95,159.2333,247.85,73,65,2.46,RU,1644522433
105,carnarvon,-24.8667,113.6333,299.19,73,100,3.09,AU,1644522280
106,rio gallegos,-51.6226,-69.2181,287.18,30,75,13.89,AR,1644522250
107,solnechnyy,50.7214,136.6319,253.45,97,82,1.77,RU,1644522434
108,fortuna,40.5982,-124.1573,298.07,52,0,0.0,US,1644522435
109,pangnirtung,66.1451,-65.7125,253.15,54,100,2.57,CA,1644522423
110,homer,59.6425,-151.5483,270.39,79,0,1.54,US,1644522436
111,alenquer,-1.9417,-54.7383,300.34,85,100,0.09,BR,1644522437
112,sur,22.5667,59.5289,293.61,55,0,0.96,OM,1644522437
113,acarau,-2.8856,-40.12,301.48,66,93,4.86,BR,1644522438
114,ponta delgada,37.7333,-25.6667,289.54,77,20,4.63,PT,1644522439
115,tsabong,-26.0217,22.401,300.12,42,76,3.83,BW,1644522439
116,provideniya,64.3833,-173.3,244.3,92,47,1.65,RU,1644522440
117,trinidad,-14.8333,-64.9,307.14,49,40,3.09,BO,1644522441
118,saint george,37.1041,-113.5841,291.41,31,0,2.57,US,1644522393
119,mahebourg,-20.4081,57.7,299.31,83,75,1.03,MU,1644522441
120,port elizabeth,-33.918,25.5701,293.31,77,40,3.6,ZA,1644522442
121,el seibo,18.7641,-69.0375,302.89,57,28,4.98,DO,1644522443
122,srednekolymsk,67.45,153.6833,233.49,99,48,2.25,RU,1644522443
123,airai,-8.9266,125.4092,288.89,92,100,0.66,TL,1644522444
124,ryotsu,38.0833,138.4333,276.69,65,92,4.04,JP,1644522445
125,ancud,-41.8697,-73.8203,290.05,49,4,6.15,CL,1644522445
126,yashalta,46.3395,42.2762,274.82,96,100,7.52,RU,1644522446
127,qiongshan,20.0058,110.3542,294.14,100,75,3.0,CN,1644522446
128,pacific grove,36.6177,-121.9166,298.6,41,0,1.79,US,1644522447
129,muzhi,65.3667,64.6667,262.18,91,100,6.85,RU,1644522448
130,muli,2.9167,73.5667,300.48,74,80,3.99,MV,1644522448
131,faanui,-16.4833,-151.75,300.47,75,56,6.87,PF,1644522449
132,norman wells,65.282,-126.8329,249.17,70,100,8.23,CA,1644522438
133,umm lajj,25.0213,37.2685,290.93,55,0,6.14,SA,1644522450
134,port alfred,-33.5906,26.891,294.77,79,81,3.41,ZA,1644522451
135,ucluelet,48.9329,-125.5528,280.98,94,63,0.43,CA,1644522426
136,upernavik,72.7868,-56.1549,252.52,95,100,2.5,GL,1644522431
137,stokmarknes,68.5646,14.9108,274.54,64,40,4.63,NO,1644522452
138,binzhou,37.3667,118.0167,275.72,66,5,2.39,CN,1644522453
139,palm coast,29.585,-81.2078,293.76,40,0,2.57,US,1644522283
140,kahului,20.8947,-156.47,298.62,64,0,0.0,US,1644522454
141,sinnamary,5.3833,-52.95,299.18,83,51,5.28,GF,1644522455
142,kapaa,22.0752,-159.319,297.86,74,0,2.57,US,1644522455
143,coswig,51.1333,13.5833,281.48,83,75,3.09,DE,1644522456
144,richards bay,-28.783,32.0377,295.96,88,3,2.8,ZA,1644522457
145,turukhansk,65.8167,87.9833,241.69,99,14,2.14,RU,1644522457
146,broome,42.2506,-75.833,279.1,60,100,7.2,US,1644522458
147,severo-kurilsk,50.6789,156.125,268.67,75,90,3.49,RU,1644522458
148,port hardy,50.6996,-127.4199,281.35,87,75,1.54,CA,1644522465
149,komsomolskiy,40.4272,71.7189,275.83,69,100,4.12,UZ,1644522519
150,dekar,-21.5333,21.9333,296.97,53,74,2.2,BW,1644522520
151,bilma,18.6853,12.9164,292.11,16,0,3.54,NE,1644522521
152,saskylakh,71.9167,114.0833,258.05,94,100,6.01,RU,1644522521
153,gazanjyk,39.2446,55.5154,284.71,61,100,1.7,TM,1644522522
154,geraldton,-28.7667,114.6,293.38,88,1,4.12,AU,1644522522
155,pevek,69.7008,170.3133,236.95,99,100,3.85,RU,1644522523
156,bathsheba,13.2167,-59.5167,302.49,48,20,11.32,BB,1644522523
157,aranos,-24.1333,19.1167,295.73,58,85,1.83,NA,1644522524
158,ahipara,-35.1667,173.1667,296.27,95,99,4.38,NZ,1644522524
159,husavik,66.0449,-17.3389,273.1,85,100,5.09,IS,1644522348
160,half moon bay,37.4636,-122.4286,298.18,35,0,11.83,US,1644522425
161,ust-tsilma,65.441,52.1498,269.54,87,100,5.14,RU,1644522526
162,narsaq,60.9167,-46.05,264.27,62,69,3.78,GL,1644522527
163,vredendal,-31.6683,18.5012,291.82,70,0,4.7,ZA,1644522527
164,maniitsoq,65.4167,-52.9,264.1,91,100,3.57,GL,1644522512
165,georgetown,5.4112,100.3354,299.2,91,20,1.03,MY,1644522429
166,tete,-16.1564,33.5867,301.2,61,20,2.57,MZ,1644522529
167,mapiripan,2.8892,-72.1256,302.97,58,96,1.31,CO,1644522530
168,ledyard,41.4398,-72.0142,284.73,56,0,6.17,US,1644522531
169,sarai alamgir,32.9012,73.7559,286.14,47,0,3.05,PK,1644522531
170,east london,-33.0153,27.9116,295.18,79,9,1.87,ZA,1644522532
171,portales,34.1862,-103.3344,286.54,30,5,1.52,US,1644522533
172,tasiilaq,65.6145,-37.6368,264.24,59,43,3.08,GL,1644522533
173,shimoda,34.6667,138.95,275.99,85,99,7.47,JP,1644522534
174,denia,38.8408,0.1057,286.78,82,1,2.68,ES,1644522535
175,taos,36.4072,-105.5731,282.71,41,0,1.79,US,1644522535
176,akyab,20.15,92.9,292.46,60,7,4.01,MM,1644522536
177,sigli,5.3848,95.9609,298.77,85,97,0.69,ID,1644522536
178,san cristobal,7.7669,-72.225,299.25,50,73,0.75,VE,1644522382
179,thompson,55.7435,-97.8558,250.24,77,100,7.2,CA,1644522537
180,balkhash,46.844,74.9804,257.03,90,43,3.69,KZ,1644522538
181,nishihara,26.1842,127.7558,288.75,73,75,2.06,JP,1644522538
182,katherine,-14.4667,132.2667,298.33,88,9,0.51,AU,1644522539
183,lebu,-37.6167,-73.65,289.38,64,90,11.67,CL,1644522359
184,barrow,71.2906,-156.7887,239.16,100,75,3.6,US,1644522540
185,codrington,-38.2667,141.9667,286.98,84,28,3.91,AU,1644522541
186,sedkyrkeshch,61.75,50.9167,268.4,86,40,6.0,RU,1644522544
187,hovd,48.0056,91.6419,251.57,98,100,1.0,MN,1644522545
188,acapulco,16.8634,-99.8901,302.05,58,75,3.6,MX,1644522509
189,agucadoura,41.4318,-8.7804,287.21,76,95,2.3,PT,1644522546
190,wageningen,51.9667,5.6667,279.78,79,100,1.54,NL,1644522547
191,caravelas,-17.7125,-39.2481,300.68,71,0,3.99,BR,1644522547
192,cairns,-16.9167,145.7667,296.52,96,3,0.0,AU,1644522548
193,torbay,47.6666,-52.7314,278.31,80,20,4.12,CA,1644522549
194,skibbereen,51.55,-9.2667,278.04,74,9,3.66,IE,1644522549
195,qaanaaq,77.484,-69.3632,243.79,57,8,3.3,GL,1644522528
196,tilichiki,60.4667,166.1,246.58,78,28,3.28,RU,1644522550
197,biloela,-24.4167,150.5,291.18,71,0,1.11,AU,1644522611
198,mitu,1.1983,-70.1733,301.78,67,100,1.19,CO,1644522611
199,eureka,40.8021,-124.1637,298.22,54,0,1.19,US,1644522612
200,la seyne-sur-mer,43.0982,5.8847,284.62,82,17,0.89,FR,1644522613
201,dehloran,32.6941,47.2679,287.88,48,100,6.23,IR,1644522613
202,popondetta,-8.7537,148.2534,296.33,96,100,0.81,PG,1644522614
203,qaqortoq,60.7167,-46.0333,262.68,64,97,3.8,GL,1644522614
204,painesville,41.7245,-81.2457,276.22,83,100,6.17,US,1644522615
205,necochea,-38.5473,-58.7368,302.06,39,6,6.83,AR,1644522616
206,legionowo,52.4015,20.9266,282.73,82,75,5.66,PL,1644522616
207,hami,42.8,93.45,269.66,61,87,1.8,CN,1644522617
208,vila franca do campo,37.7167,-25.4333,289.37,74,96,4.03,PT,1644522471
209,tela,15.7833,-87.45,298.27,100,100,3.09,HN,1644522618
210,pisco,-13.7,-76.2167,299.83,69,0,4.12,PE,1644522618
211,san carlos de bariloche,-41.1456,-71.3082,291.62,16,0,10.29,AR,1644522619
212,anloga,5.7947,0.8973,302.27,82,0,5.59,GH,1644522619
213,yuli,9.6989,10.2744,297.34,10,13,2.55,NG,1644522620
214,erzin,36.9559,36.2,280.44,76,31,1.74,TR,1644522621
215,bozoum,6.3193,16.3799,297.15,15,100,1.48,CF,1644522621
216,kodiak,57.79,-152.4072,269.88,74,100,1.54,US,1644522622
217,hofn,64.2539,-15.2082,269.42,59,31,2.97,IS,1644522623
218,goundam,16.4145,-3.6708,296.02,10,0,5.51,ML,1644522623
219,santo antonio do ica,-3.1022,-67.9397,301.83,77,95,1.54,BR,1644522624
220,guerrero negro,27.9769,-114.0611,296.51,25,0,1.26,MX,1644522490
221,souillac,-20.5167,57.5167,299.36,83,75,1.03,MU,1644522625
222,nikolskoye,59.7035,30.7861,275.86,90,100,4.59,RU,1644522625
223,grand gaube,-20.0064,57.6608,299.37,78,0,0.45,MU,1644522626
224,lompoc,34.6391,-120.4579,302.65,22,0,2.57,US,1644522387
225,aykhal,66.0,111.5,251.71,92,99,2.17,RU,1644522627
226,gurjaani,41.7429,45.8011,279.3,71,100,2.32,GE,1644522629
227,kysyl-syr,63.8986,122.7617,233.3,100,57,0.66,RU,1644522629
228,gongzhuling,43.5008,124.8198,269.84,70,100,2.77,CN,1644522630
229,karratha,-20.7377,116.8463,302.05,74,9,4.05,AU,1644522534
230,pozo colorado,-23.4923,-58.7972,311.51,15,2,2.25,PY,1644522631
231,cidreira,-30.1811,-50.2056,297.72,74,1,7.36,BR,1644522632
232,woodstock,43.1334,-80.7497,274.38,82,97,6.29,CA,1644522339
233,portland,45.5234,-122.6762,287.37,91,100,1.54,US,1644522361
234,axim,4.8699,-2.2405,299.51,86,0,3.56,GH,1644522633
235,barcelos,41.5388,-8.6151,286.99,76,95,1.06,PT,1644522613
236,leningradskiy,69.3833,178.4167,244.75,97,100,2.14,RU,1644522634
237,hirara,24.8,125.2833,291.47,76,100,8.04,JP,1644522634
238,vikhorevka,56.1201,101.1636,245.92,100,94,0.75,RU,1644522635
239,hambantota,6.1241,81.1185,297.66,85,30,2.65,LK,1644522636
240,empalme,27.9667,-110.8167,300.01,27,1,3.08,MX,1644522636
241,cayenne,4.9333,-52.3333,299.17,88,100,3.09,GF,1644522542
242,san jose,37.3394,-121.895,298.44,37,20,3.13,US,1644522363
243,sao filipe,14.8961,-24.4956,298.85,54,100,3.79,CV,1644522417
244,rafai,4.95,23.9167,298.25,26,100,0.82,CF,1644522638
245,tazovskiy,67.4667,78.7,255.52,82,0,7.27,RU,1644522638
246,gat,31.61,34.7642,283.93,100,78,2.49,IL,1644522484
247,demidov,55.2706,31.515,273.48,83,100,3.83,RU,1644522699
248,hamilton,39.1834,-84.5333,281.48,57,40,7.2,US,1644522274
249,akdepe,42.0551,59.3788,279.15,55,100,3.91,TM,1644522701
250,victoria,22.2855,114.1577,290.47,90,100,4.92,HK,1644522603
251,saint-augustin,51.226,-58.6502,269.47,94,100,1.23,CA,1644522702
252,damascus,33.5102,36.2913,277.78,67,29,3.88,SY,1644522703
253,luderitz,-26.6481,15.1594,296.22,52,3,8.39,NA,1644522703
254,harper,4.375,-7.7169,299.5,87,7,3.13,LR,1644522704
255,baoqing,46.3317,132.2111,253.01,100,100,0.89,CN,1644522704
256,inhambane,-23.865,35.3833,298.14,83,20,0.0,MZ,1644522705
257,bom jesus,-9.0744,-44.3586,303.35,53,100,1.43,BR,1644522423
258,khatanga,71.9667,102.5,252.33,97,95,6.01,RU,1644522453
259,talara,-4.5772,-81.2719,303.57,51,20,5.14,PE,1644522706
260,punta de piedra,7.6176,-71.4916,305.0,43,84,2.01,VE,1644522707
261,halifax,44.6453,-63.5724,277.31,77,100,8.75,CA,1644522478
262,samarai,-10.6167,150.6667,300.45,62,72,5.89,PG,1644522708
263,beyneu,45.3167,55.2,274.94,83,100,5.85,KZ,1644522708
264,san patricio,28.017,-97.5169,295.2,35,100,1.94,US,1644522709
265,san joaquin,37.9333,-121.3011,296.75,48,0,2.06,US,1644522710
266,kalmunai,7.4167,81.8167,297.38,86,98,1.45,LK,1644522710
267,karangasem,-8.45,115.6167,298.64,87,100,0.34,ID,1644522711
268,vila velha,-20.3297,-40.2925,299.12,85,75,4.12,BR,1644522711
269,sao gabriel da cachoeira,-0.1303,-67.0892,303.04,74,40,2.06,BR,1644522546
270,nadvoitsy,63.8667,34.3167,266.15,95,85,3.22,RU,1644522712
271,dodoma,-6.1722,35.7395,294.1,83,75,0.0,TZ,1644522644
272,celestun,20.8667,-90.4,296.77,68,15,4.88,MX,1644522446
273,ormara,25.2088,64.6357,294.37,53,0,3.48,PK,1644522713
274,congleton,53.1631,-2.2125,279.27,87,19,3.13,GB,1644522714
275,chuy,-33.6971,-53.4616,297.85,54,9,6.76,UY,1644522714
276,laguna,38.421,-121.4238,296.6,58,0,0.89,US,1644522714
277,coahuayana,18.7333,-103.6833,303.61,26,0,3.76,MX,1644522715
278,seoul,37.5683,126.9778,268.88,90,0,1.03,KR,1644522699
279,wadi musa,30.3222,35.4793,277.25,87,75,5.02,JO,1644522716
280,ilulissat,69.2167,-51.1,246.02,86,100,2.97,GL,1644522717
281,metro,-5.1131,105.3067,295.89,88,100,2.42,ID,1644522717
282,vardo,70.3705,31.1107,270.14,80,75,4.63,NO,1644522718
283,puerto madero,14.7208,-92.4215,301.58,62,5,4.86,MX,1644522719
284,arraial do cabo,-22.9661,-42.0278,295.13,88,100,2.06,BR,1644522719
285,isabela,6.7085,121.9711,298.73,88,100,2.12,PH,1644522720
286,sioux lookout,50.1001,-91.917,263.36,79,100,5.14,CA,1644522720
287,nyaunglebin,17.95,96.7333,290.13,31,97,2.28,MM,1644522721
288,faya,18.3851,42.4509,288.21,81,3,2.72,SA,1644522522
289,saint-philippe,-21.3585,55.7679,296.92,79,30,2.37,RE,1644522722
290,tura,25.5198,90.2201,286.71,86,0,0.96,IN,1644522722
291,paka,4.6374,103.4368,297.11,94,100,2.06,MY,1644522723
292,asansol,23.6833,86.9833,287.97,68,4,3.1,IN,1644522724
293,eganville,45.5334,-77.0994,275.1,77,100,4.44,CA,1644522724
294,tres picos,15.8667,-93.5333,304.33,43,0,3.81,MX,1644522725
295,los llanos de aridane,28.6585,-17.9182,294.01,40,0,5.14,ES,1644522785
296,matara,5.9485,80.5353,297.05,89,13,1.94,LK,1644522786
297,kruisfontein,-34.0033,24.7314,290.52,82,59,1.37,ZA,1644522786
298,miramar,25.9873,-80.2323,299.27,59,20,4.63,US,1644522524
299,college,64.8569,-147.8028,251.37,77,75,2.57,US,1644522787
300,kotka,60.4664,26.9458,271.74,92,12,5.08,FI,1644522788
301,ugoofaaru,5.6667,73.0,300.55,75,66,6.05,MV,1644522788
302,villeta,5.0089,-74.4723,304.49,67,100,1.41,CO,1644522789
303,hasaki,35.7333,140.8333,274.37,80,100,13.16,JP,1644522790
304,ossora,59.2353,163.0719,247.95,71,72,1.74,RU,1644522790
305,tautira,-17.7333,-149.15,302.16,72,71,5.43,PF,1644522791
306,wakkanai,45.4094,141.6739,268.46,70,100,2.95,JP,1644522791
307,kharp,66.8014,65.8081,262.5,96,100,4.71,RU,1644522792
308,dong hoi,17.4833,106.6,293.99,93,89,0.24,VN,1644522792
309,comodoro rivadavia,-45.8667,-67.5,290.07,31,75,4.12,AR,1644522793
310,svidnik,49.3082,21.5703,276.95,99,100,2.11,SK,1644522794
311,ankazoabo,-22.2833,44.5167,297.74,73,9,3.93,MG,1644522794
312,pangody,65.85,74.4859,256.61,81,9,7.97,RU,1644522795
313,batemans bay,-35.7167,150.1833,292.7,83,100,2.82,AU,1644522796
314,concepcion,-36.827,-73.0498,296.04,40,0,8.75,CL,1644522796
315,acari,-15.4311,-74.6158,299.7,58,57,5.09,PE,1644522797
316,griffith,41.5284,-87.4237,272.74,75,100,5.66,US,1644522797
317,inverness,57.4791,-4.224,277.71,86,20,2.06,GB,1644522798
318,kavieng,-2.5744,150.7967,300.15,80,71,3.27,PG,1644522798
319,baoding,38.8511,115.4903,275.01,53,65,1.61,CN,1644522799
320,moulins,46.5,3.3333,282.92,88,99,0.99,FR,1644522800
321,thohoyandou,-22.9456,30.485,295.68,44,1,1.14,ZA,1644522800
322,walvis bay,-22.9575,14.5053,295.68,78,0,5.14,NA,1644522801
323,north bend,43.4065,-124.2243,287.51,88,0,3.6,US,1644522802
324,kununurra,-15.7667,128.7333,298.14,94,100,0.0,AU,1644522802
325,krasnoslobodsk,48.7072,44.5714,275.05,93,75,9.0,RU,1644522803
326,palmer,42.1584,-72.3287,283.51,46,75,6.17,US,1644522793
327,llanes,43.4198,-4.7549,286.41,89,100,1.36,ES,1644522804
328,grindavik,63.8424,-22.4338,273.41,74,75,8.23,IS,1644522791
329,vuktyl,63.8567,57.3094,269.7,86,100,6.51,RU,1644522805
330,ostrovnoy,68.0531,39.5131,271.31,86,100,8.25,RU,1644522805
331,natal,-5.795,-35.2094,304.51,66,20,6.17,BR,1644522806
332,san miguel,13.4833,-88.1833,310.22,25,1,1.03,SV,1644522807
333,bethel,41.3712,-73.414,284.64,51,9,1.34,US,1644522807
334,pinega,64.7001,43.3936,268.82,92,100,4.86,RU,1644522808
335,namatanai,-3.6667,152.4333,299.14,83,97,1.27,PG,1644522519
336,madimba,-10.4,40.3333,300.77,89,75,6.17,TZ,1644522809
337,gazli,40.1333,63.45,282.57,51,99,3.99,UZ,1644522810
338,maryborough,-25.5333,152.7,291.04,88,0,2.39,AU,1644522810
339,cabo san lucas,22.8909,-109.9124,300.66,59,1,0.45,MX,1644522653
340,mopipi,-21.1833,24.8833,300.64,46,98,3.17,BW,1644522811
341,uray,60.1247,64.7758,257.21,88,55,5.08,RU,1644522812
342,callaway,30.153,-85.5699,293.25,37,0,4.12,US,1644522812
343,outjo,-20.1167,16.15,291.8,90,100,5.62,NA,1644522813
344,malatya,38.5,38.0,276.18,60,100,2.57,TR,1644522874
345,marshall,34.3834,-86.3333,292.65,30,0,4.63,US,1644522874
346,boa vista,2.8197,-60.6733,307.14,38,40,5.66,BR,1644522875
347,port lincoln,-34.7333,135.8667,289.41,74,9,6.71,AU,1644522875
348,ronne,55.1009,14.7066,276.1,87,100,6.17,DK,1644522876
349,haines junction,60.7522,-137.5108,269.12,39,45,4.12,CA,1644522876
350,makakilo city,21.3469,-158.0858,297.75,67,0,0.0,US,1644522877
351,yantal,56.8471,105.2542,241.34,100,43,1.15,RU,1644522878
352,vung tau,10.346,107.0843,298.84,81,95,8.04,VN,1644522753
353,puerto quijarro,-17.7833,-57.7667,308.44,30,100,1.64,BO,1644522645
354,saravan,39.7196,45.6483,272.51,97,100,0.63,AM,1644522879
355,alice springs,-23.7,133.8833,288.9,82,0,2.06,AU,1644522879
356,taoudenni,22.6783,-3.9836,292.48,16,47,5.29,ML,1644522880
357,chokurdakh,70.6333,147.9167,239.44,96,44,3.96,RU,1644522880
358,matadi,-5.8167,13.45,299.47,73,16,2.65,CD,1644522881
359,tarata,-17.6167,-66.0167,295.83,40,52,3.28,BO,1644522882
360,tianpeng,30.9866,103.9393,276.41,76,72,1.01,CN,1644522882
361,vahan,40.5755,45.3977,270.26,95,100,2.3,AM,1644522883
362,mehamn,71.0357,27.8492,267.1,87,98,4.12,NO,1644522883
363,guilin,25.2819,110.2864,278.21,91,100,1.61,CN,1644522884
364,rudnogorsk,57.2639,103.7519,241.21,100,89,0.92,RU,1644522884
365,ascope,-7.7144,-79.1078,295.78,50,90,4.27,PE,1644522885
366,zhigansk,66.7697,123.3711,238.95,97,99,5.01,RU,1644522885
367,angoche,-16.2325,39.9086,299.07,80,91,2.41,MZ,1644522886
368,gushikawa,26.3544,127.8686,288.72,81,40,1.54,JP,1644522887
369,mudu,31.252,120.5118,277.58,76,99,3.36,CN,1644522887
370,kurilsk,45.2333,147.8833,267.46,74,93,1.89,RU,1644522888
371,galle,6.0367,80.217,297.55,87,20,2.59,LK,1644522822
372,mahibadhoo,3.7833,72.9667,300.54,75,48,4.07,MV,1644522889
373,abu dhabi,24.4667,54.3667,293.16,80,0,2.57,AE,1644522889
374,port moresby,-9.4431,147.1797,293.83,100,20,1.54,PG,1644522890
375,conde,-7.2597,-34.9075,302.85,62,20,4.12,BR,1644522890
376,mitchell,43.7094,-98.0298,280.43,78,100,6.69,US,1644522686
377,piacabucu,-10.4056,-36.4344,301.74,65,4,6.43,BR,1644522866
378,panzhihua,26.5851,101.7128,282.38,67,0,0.71,CN,1644522892
379,kichera,55.9375,110.0997,249.67,88,99,1.92,RU,1644522892
380,dingle,10.9995,122.6711,297.57,82,100,4.18,PH,1644522893
381,goderich,43.7501,-81.7165,273.1,80,100,6.67,CA,1644522720
382,matagami,49.7502,-77.6328,259.21,78,100,5.14,CA,1644522894
383,baruun-urt,46.6806,113.2792,251.97,98,90,1.07,MN,1644522894
384,novyy urgal,51.0736,132.5642,253.15,100,99,0.58,RU,1644522895
385,plettenberg bay,-34.0527,23.3716,291.51,83,77,0.2,ZA,1644522896
386,payakumbuh,-0.2202,100.6308,293.31,89,100,0.61,ID,1644522897
387,novo aripuana,-5.1206,-60.3797,300.74,79,100,0.44,BR,1644522897
388,stornoway,58.2093,-6.3865,273.17,81,20,0.51,GB,1644522799
389,calabozo,8.9242,-67.4293,308.73,26,100,2.14,VE,1644522898
390,luba,3.4568,8.5547,300.09,78,61,3.3,GQ,1644522899
391,laurel,39.0993,-76.8483,289.13,36,100,6.69,US,1644522726
392,bara,10.3744,10.7288,296.68,11,50,4.15,NG,1644522900
393,awbari,26.5921,12.7805,283.35,44,0,3.58,LY,1644522960
394,irbeyskoye,55.6428,95.4522,241.18,100,65,0.81,RU,1644522961
395,charagua,-19.8,-63.2167,305.91,29,12,5.36,BO,1644522961
396,bawku,11.0616,-0.2417,303.54,11,1,3.59,GH,1644522962
397,masallatah,32.6167,14.0,284.46,67,0,1.36,LY,1644522963
398,kyshtovka,56.555,76.6271,248.05,100,27,2.38,RU,1644522942
399,nome,64.5011,-165.4064,244.19,76,75,2.06,US,1644522964
400,khorixas,-20.3667,14.9667,293.61,82,100,1.88,NA,1644522964
401,sabang,5.8933,95.3214,300.69,74,98,4.26,ID,1644522965
402,kisangani,0.5167,25.2,298.92,65,100,2.04,CD,1644522965
403,lake city,30.1897,-82.6393,293.71,27,0,2.06,US,1644522966
404,pechenga,69.5259,31.1703,269.63,97,52,3.64,RU,1644522967
405,klaksvik,62.2266,-6.589,270.66,58,85,5.7,FO,1644522967
406,nchelenge,-9.3451,28.734,294.23,88,100,4.9,ZM,1644522968
407,neftcala,39.3742,49.2472,279.95,79,100,11.2,AZ,1644522969
408,sakakah,29.9697,40.2064,282.91,36,0,3.52,SA,1644522969
409,haapiti,-17.5667,-149.8667,302.0,72,27,5.8,PF,1644522970
410,herborn,50.6833,8.3167,279.7,93,100,1.54,DE,1644522970
411,ipixuna,-1.7625,-48.8043,297.12,77,99,2.27,BR,1644522971
412,castanos,26.7833,-101.4167,292.79,28,100,3.07,MX,1644522971
413,port blair,11.6667,92.75,298.17,88,40,1.03,IN,1644522972
414,villa rica,33.7321,-84.9191,292.27,40,21,4.2,US,1644522739
415,nalut,30.3333,10.85,283.27,49,4,5.44,LY,1644522973
416,monrovia,6.3005,-10.7969,300.02,83,5,3.7,LR,1644522777
417,gamba,-2.65,10.0,298.33,88,98,2.09,GA,1644522974
418,albion,42.2431,-84.753,272.62,76,100,5.14,US,1644522762
419,te anau,-45.4167,167.7167,289.7,81,33,0.5,NZ,1644522873
420,margate,51.3813,1.3862,278.73,71,54,1.34,GB,1644522975
421,rayadrug,14.7,76.8667,294.72,47,16,3.46,IN,1644522976
422,sinegorsk,47.1667,142.5,255.34,99,85,1.31,RU,1644522976
423,sobolevo,54.4299,31.8996,273.04,86,100,4.03,RU,1644522977
424,ondangwa,-17.9167,15.95,295.24,78,96,4.91,NA,1644522977
425,nemuro,43.3236,145.575,268.29,74,80,2.08,JP,1644522978
426,awjilah,29.1081,21.2869,285.41,48,5,3.59,LY,1644522978
427,revuca,48.6835,20.1173,278.63,95,98,1.48,SK,1644522979
428,puerto del rosario,28.5004,-13.8627,293.01,73,0,3.09,ES,1644522980
429,mogok,22.9167,96.5,283.92,55,0,0.53,MM,1644522980
430,anadyr,64.75,177.4833,242.43,76,0,2.0,RU,1644522981
431,ayan,56.45,138.1667,260.99,91,100,3.8,RU,1644522981
432,querecotillo,-4.8378,-80.6456,305.15,39,47,4.32,PE,1644522982
433,mirnyy,62.5353,113.9611,238.89,100,44,1.46,RU,1644522982
434,sarakhs,36.5449,61.1577,286.76,34,100,5.21,IR,1644522983
435,nelson bay,-32.7167,152.15,294.26,92,99,2.73,AU,1644522983
436,sao joao do paraiso,-15.3136,-42.0144,298.27,68,93,0.39,BR,1644522984
437,fernley,39.608,-119.2518,288.96,37,1,1.42,US,1644522985
438,smithers,54.7804,-127.1743,278.33,45,20,5.66,CA,1644522985
439,kapit,2.0167,112.9333,296.24,100,100,0.42,MY,1644522986
440,otrado-olginskoye,45.3104,40.9397,276.16,80,97,6.5,RU,1644522986
441,yar-sale,66.8333,70.8333,260.04,90,96,8.68,RU,1644522987
442,nata,8.3333,-80.5167,303.96,43,10,7.75,PA,1644523047
443,zaliztsi,49.7919,25.373,274.83,89,100,3.89,UA,1644523048
444,ouallam,14.3188,2.0866,299.28,8,0,4.96,NE,1644523049
445,fort nelson,58.8053,-122.7002,276.16,55,100,6.91,CA,1644523022
446,biryusinsk,55.9634,97.8235,244.79,100,98,0.87,RU,1644523049
447,roald,62.5833,6.1333,274.23,69,40,4.63,NO,1644523050
448,tabou,4.423,-7.3528,299.6,88,4,3.14,CI,1644523051
449,dolores,-36.3132,-57.6792,300.37,44,0,6.63,AR,1644523051
450,kilindoni,-7.9139,39.6668,300.47,78,68,5.6,TZ,1644523052
451,bell ville,-32.6259,-62.6887,307.96,17,0,4.68,AR,1644523053
452,mahalapye,-23.1041,26.8142,295.9,61,64,2.71,BW,1644523053
453,gobabis,-22.45,18.9667,295.29,62,97,5.29,NA,1644523054
454,stephenville,32.2207,-98.2023,295.34,21,0,1.34,US,1644523055
455,bakchar,57.0186,82.0711,247.82,100,21,1.71,RU,1644523055
456,dasoguz,41.8363,59.9666,278.12,81,0,3.09,TM,1644523056
457,kushima,31.4583,131.2333,278.44,78,0,2.74,JP,1644523057
458,jamsa,61.8642,25.19,270.55,89,71,4.62,FI,1644523057
459,bilibino,68.0546,166.4372,231.65,100,72,0.77,RU,1644522966
460,stromness,58.965,-3.296,275.13,55,100,10.08,GB,1644523058
461,kendari,-3.945,122.4989,297.16,93,100,1.55,ID,1644523059
462,tairua,-37.0167,175.85,295.42,96,99,1.89,NZ,1644523059
463,xiongzhou,25.1167,114.3,282.12,96,100,0.77,CN,1644523060
464,maine-soroa,13.2114,12.0241,293.53,13,24,3.96,NE,1644523061
465,aklavik,68.2191,-135.0107,245.61,76,100,3.09,CA,1644523061
466,avera,33.194,-82.5271,294.1,29,10,3.82,US,1644522780
467,nigde,37.8333,34.75,264.21,94,91,2.93,TR,1644523062
468,rauma,61.1272,21.5113,274.17,82,29,5.1,FI,1644523063
469,tarsus,36.9188,34.8784,283.08,55,4,3.06,TR,1644523063
470,turtas,58.9417,69.1325,254.89,90,8,3.42,RU,1644523064
471,pimienta,15.2772,-87.9745,297.95,81,100,1.17,HN,1644523064
472,sahy,48.0741,18.9495,279.64,83,92,1.5,SK,1644523065
473,pahrump,36.2083,-115.9839,293.4,25,0,2.24,US,1644523065
474,tahe,52.3333,124.7333,247.68,100,94,1.32,CN,1644523066
475,yerbogachen,61.2767,108.0108,244.28,100,87,1.27,RU,1644523066
476,tchollire,8.4022,14.1698,296.83,11,5,0.84,CM,1644523067
477,talnakh,69.4865,88.3972,253.82,96,50,5.22,RU,1644523068
478,cocobeach,1.0002,9.5823,300.21,82,67,3.18,GA,1644523068
479,viedma,-40.8135,-62.9967,293.43,31,100,8.86,AR,1644523069
480,tritenii de jos,46.5833,24.0,275.23,87,0,3.09,RO,1644523069
481,jos,9.9167,8.9,292.08,10,0,2.68,NG,1644523070
482,pitimbu,-7.4706,-34.8086,303.48,63,77,4.32,BR,1644523070
483,kyrylivka,46.3759,35.3675,277.69,91,100,5.61,UA,1644523071
484,mach,29.8637,67.3298,284.61,24,0,4.13,PK,1644523072
485,kasama,-10.2129,31.1808,290.41,94,100,0.96,ZM,1644523072
486,emilio carranza,19.9711,-96.6114,294.58,72,76,3.21,MX,1644523073
487,lasa,46.6166,10.7002,276.27,77,17,0.59,IT,1644523073
488,sao jose da coroa grande,-8.8978,-35.1478,301.0,65,75,7.02,BR,1644522943
489,tambura,5.6,27.4667,302.43,22,100,2.21,SS,1644523074
490,ust-nera,64.5667,143.2,236.06,99,63,1.56,RU,1644523075
491,krasnoselkup,65.7,82.4667,249.78,88,8,4.35,RU,1644523136
492,hobyo,5.3505,48.5268,297.52,66,38,9.24,SO,1644523136
493,belz,47.6751,-3.168,280.98,85,63,3.55,FR,1644523137
494,tiznit,29.5833,-9.5,289.13,40,78,0.7,MA,1644523137
495,khovu-aksy,51.1333,93.6,244.64,96,25,1.51,RU,1644523138
496,newport,51.5877,-2.9984,279.51,75,7,4.63,GB,1644523063
497,the valley,18.217,-63.0578,301.07,69,75,6.17,AI,1644523139
498,samfya,-11.3649,29.5565,291.91,94,99,1.85,ZM,1644523140
499,valkla,59.4744,25.3186,274.63,88,11,5.58,EE,1644523140
500,matay,28.419,30.7792,285.43,52,84,5.32,EG,1644523141
501,pierre,44.3683,-100.351,287.19,47,100,10.73,US,1644523141
502,henties bay,-22.116,14.2845,295.29,81,69,2.27,NA,1644523142
503,eyl,7.9803,49.8164,295.78,63,0,7.96,SO,1644523142
504,santa fe,-31.6333,-60.7,310.23,21,100,3.58,AR,1644523143
505,mutoko,-17.397,32.2268,291.49,83,87,1.26,ZW,1644523144
506,butiama,-1.7667,33.9667,291.88,78,56,1.24,TZ,1644523144
507,rawson,-43.3002,-65.1023,292.82,30,71,6.08,AR,1644523145
508,sandwick,60.0,-1.25,275.05,60,75,7.2,GB,1644523145
509,roma,43.2128,-75.4557,278.95,67,98,2.68,US,1644523146
510,riyadh,24.6877,46.7219,293.23,22,0,6.23,SA,1644522989
511,carbonia,39.1672,8.5222,284.26,79,0,1.64,IT,1644523147
512,pocoes,-14.5297,-40.3653,298.44,62,58,2.35,BR,1644523147
513,dicabisagan,17.0818,122.4157,296.55,88,100,2.57,PH,1644523148
514,huilong,31.8111,121.655,280.39,77,90,2.5,CN,1644523148
515,allapalli,19.4167,80.0667,292.46,58,34,1.43,IN,1644523149
516,ukiah,39.1502,-123.2078,299.62,34,0,0.4,US,1644523150
517,barmer,25.75,71.3833,289.16,33,0,1.93,IN,1644523150
518,bitung,1.4451,125.1824,298.62,86,63,2.69,ID,1644523151
519,auki,-8.7676,160.7034,298.41,90,100,2.3,SB,1644523152
520,rabo de peixe,37.8,-25.5833,288.86,81,20,4.63,PT,1644523152
521,ponezhukay,44.8876,39.3855,277.5,79,100,4.19,RU,1644523153
522,eenhana,-17.4667,16.3333,292.91,94,90,2.54,NA,1644523153
523,hoquiam,46.9809,-123.8893,283.16,95,100,3.09,US,1644523154
524,pizarro,4.9533,-77.366,299.7,85,100,3.75,CO,1644523154
525,oystese,60.3882,6.1925,275.96,95,100,1.47,NO,1644523155
526,takaka,-40.85,172.8,294.8,95,100,0.42,NZ,1644523156
527,gisors,49.2818,1.7801,278.94,89,100,3.2,FR,1644523156
528,sao joao da barra,-21.6403,-41.0511,298.2,88,84,4.46,BR,1644522971
529,bressuire,46.9167,-0.5,282.81,95,100,4.83,FR,1644523157
530,esfarayen,37.0765,57.5101,273.96,39,53,2.23,IR,1644523158
531,kifri,34.6959,44.9661,284.91,58,54,0.59,IQ,1644523158
532,wenshang,35.7275,116.4961,278.12,74,100,1.77,CN,1644523159
533,port keats,-14.25,129.55,298.66,89,100,2.39,AU,1644523159
534,poum,-20.2333,164.0167,300.39,83,100,12.09,NC,1644522889
535,imbituba,-28.24,-48.6703,300.27,84,48,5.97,BR,1644523160
536,mier,26.4333,-99.15,296.53,52,96,3.25,MX,1644523161
537,farafangana,-22.8167,47.8333,298.02,85,10,2.37,MG,1644523161
538,chapleau,47.8405,-83.4034,263.2,67,40,1.03,CA,1644523163
539,gilbues,-9.8317,-45.3439,303.28,51,87,1.58,BR,1644523163
540,sisimiut,66.9395,-53.6735,255.96,80,100,2.57,GL,1644523224
541,beloha,-25.1667,45.05,296.0,88,46,4.29,MG,1644523147
542,fort morgan,40.2503,-103.8,285.56,43,0,3.09,US,1644523225
543,novoagansk,61.9449,76.6625,248.65,99,69,2.43,RU,1644523227
544,vanimo,-2.6741,141.3028,298.54,86,100,0.89,PG,1644523228
545,sharlyk,52.9167,54.75,266.22,95,100,8.48,RU,1644523228
546,ambon,-3.6954,128.1814,298.23,94,40,3.09,ID,1644522941
547,mazarron,37.5992,-1.3149,285.19,79,4,0.8,ES,1644523229
548,flinders,-34.5833,150.8552,294.92,85,84,5.36,AU,1644523230
549,sainte-anne-des-monts,49.124,-66.4924,273.92,95,100,2.04,CA,1644523230
550,urumqi,43.801,87.6005,260.68,92,75,2.0,CN,1644522722
551,paamiut,61.994,-49.6678,262.71,73,100,3.97,GL,1644523232
552,lagoa,39.05,-27.9833,287.91,73,100,2.46,PT,1644523233
553,isangel,-19.55,169.2667,299.76,90,100,10.25,VU,1644523233
554,dzaoudzi,-12.7887,45.2699,298.09,94,100,1.54,YT,1644523234
555,abu samrah,35.3029,37.1841,280.01,83,44,4.38,SY,1644523235
